Height,Torso Length,Leg Length,Shoulder Width,Hip Width
163,55.28991054016579,74.97035064027774,25.84085827406145,15.113198427119059
